01 - Attack on Titan (3Tv);C:\Users\itssp\Music\Music\01 - Attack on Titan (3Tv).mp3
01 - attack ON titan (Vocal - Mika Kobayashi);C:\Users\itssp\Music\Music\01 - attack ON titan (Vocal - Mika Kobayashi).mp3
01 - great escape;C:\Users\itssp\Music\Music\01 - great escape.mp3
01 - Guren no Yumiya;C:\Users\itssp\Music\Music\01 - Guren no Yumiya.mp3
01 - Nervous, Sad, Poor...;C:\Users\itssp\Music\Music\01 - Nervous, Sad, Poor....flac
01 - YAMANAIAME;C:\Users\itssp\Music\Music\01 - YAMANAIAME.mp3
02 - APETITAN;C:\Users\itssp\Music\Music\02 - APETITAN.mp3
02 - BBF3;C:\Users\itssp\Music\Music\02 - BBF3.flac
02 - Bleak, Uncertain, Beautiful...;C:\Users\itssp\Music\Music\02 - Bleak, Uncertain, Beautiful....flac
02 - Jiyuu no Tsubasa;C:\Users\itssp\Music\Music\02 - Jiyuu no Tsubasa.mp3
02 - So ist es immer;C:\Users\itssp\Music\Music\02 - So ist es immer.mp3
02 - The Reluctant Heroes (Vocal - mpi);C:\Users\itssp\Music\Music\02 - The Reluctant Heroes (Vocal - mpi).mp3
02.T-KT;C:\Users\itssp\Music\Music\02.T-KT.flac
03 - YouSeeBIGGIRL-T-T;C:\Users\itssp\Music\Music\03 - YouSeeBIGGIRL-T-T.mp3
04 - Rittai body Kidou motion;C:\Users\itssp\Music\Music\04 - Rittai body Kidou motion.mp3
04 - Shingeki st-hrn-gt-pf20130629 Kyojin;C:\Users\itssp\Music\Music\04 - Shingeki st-hrn-gt-pf20130629 Kyojin.mp3
04 - son2seaVer;C:\Users\itssp\Music\Music\04 - son2seaVer.mp3
05 - Call of Silence;C:\Users\itssp\Music\Music\05 - Call of Silence.mp3
05 - Shingeki vc-pf20130218 Kyojin;C:\Users\itssp\Music\Music\05 - Shingeki vc-pf20130218 Kyojin.mp3
07 - attack on D;C:\Users\itssp\Music\Music\07 - attack on D.mp3
07 - Vogel im Kafig (Vocal - Cyua);C:\Users\itssp\Music\Music\07 - Vogel im Kafig (Vocal - Cyua).mp3
1.0_8-Whatsyourask.M4p;C:\Users\itssp\Music\Music\1.0_8-Whatsyourask.M4p.mp3
10 - E.M.A;C:\Users\itssp\Music\Music\10 - E.M.A.mp3
10.SymphonicSuite[AoT]Part2-1stattack ON titan WMId;C:\Users\itssp\Music\Music\10.SymphonicSuite[AoT]Part2-1stattack ON titan WMId.flac
11 - Shinzou wo Sasageyo!;C:\Users\itssp\Music\Music\11 - Shinzou wo Sasageyo!.mp3
12 - Bauklotze (Vocal - Mika Kobayashi);C:\Users\itssp\Music\Music\12 - Bauklotze (Vocal - Mika Kobayashi).mp3
14 - XL-TT;C:\Users\itssp\Music\Music\14 - XL-TT.mp3
14.SymphonicSuite[AoT]Part2-5thApple Seed;C:\Users\itssp\Music\Music\14.SymphonicSuite[AoT]Part2-5thApple Seed.flac
15 - Call your name (Vocal mpi & CASG);C:\Users\itssp\Music\Music\15 - Call your name (Vocal mpi & CASG).mp3
15. 1.1_6-believe-in-erasing.au;C:\Users\itssp\Music\Music\15. 1.1_6-believe-in-erasing.au.mp3
16 - omake-pfadlib;C:\Users\itssp\Music\Music\16 - omake-pfadlib.mp3
16 - theDOGS;C:\Users\itssp\Music\Music\16 - theDOGS.mp3
16. 1.2_1-IwillbeCTO.m4p;C:\Users\itssp\Music\Music\16. 1.2_1-IwillbeCTO.m4p.mp3
16.ERENthe標 MOVIEver.;C:\Users\itssp\Music\Music\16.ERENthe標 MOVIEver..flac
17. 1.2_2-humanpunchingbag.aiff;C:\Users\itssp\Music\Music\17. 1.2_2-humanpunchingbag.aiff.mp3
2.12 ətˈæk 0N tάɪtn _WMId_ (Instrumental);C:\Users\itssp\Music\Music\2.12 ətˈæk 0N tάɪtn _WMId_ (Instrumental).flac
21. 1.3_3-betterthanm0rphine.aac;C:\Users\itssp\Music\Music\21. 1.3_3-betterthanm0rphine.aac.mp3
25. 1.4_2-impenetrable.sd2;C:\Users\itssp\Music\Music\25. 1.4_2-impenetrable.sd2.mp3
7Horse - Meth Lab Zoso Sticker - OFFICIAL VIDEO;C:\Users\itssp\Music\Music\7Horse - Meth Lab Zoso Sticker - OFFICIAL VIDEO.mp3
Action;C:\Users\itssp\Music\Music\Action.flac
Air;C:\Users\itssp\Music\Music\Air.flac
Akagi;C:\Users\itssp\Music\Music\Akagi.flac
Alert;C:\Users\itssp\Music\Music\Alert.flac
Alumina -TV Size-;C:\Users\itssp\Music\Music\Alumina -TV Size-.flac
Alumina;C:\Users\itssp\Music\Music\Alumina.flac
Antennas to Heaven;C:\Users\itssp\Music\Music\Antennas to Heaven.flac
Anthem For No State;C:\Users\itssp\Music\Music\Anthem For No State.flac
Archangel;C:\Users\itssp\Music\Music\Archangel.mp3
Asunder, Sweet;C:\Users\itssp\Music\Music\Asunder, Sweet.flac
Ayashige;C:\Users\itssp\Music\Music\Ayashige.flac
Badfinger - Baby blue;C:\Users\itssp\Music\Music\Badfinger - Baby blue.mp3
Become Wrath;C:\Users\itssp\Music\Music\Become Wrath.flac
Beethoven - Für Elise;C:\Users\itssp\Music\Music\Beethoven - Für Elise.mp3
Bikini Sports Punchin;C:\Users\itssp\Music\Music\Bikini Sports Punchin.flac
Black Yen Power G-Man Spy;C:\Users\itssp\Music\Music\Black Yen Power G-Man Spy.flac
Bohemian Rhapsody (Official Video);C:\Users\itssp\Music\Music\Bohemian Rhapsody (Official Video).mp3
Bosses Hang;C:\Users\itssp\Music\Music\Bosses Hang.flac
Bradley Cooper - Black Eyes;C:\Users\itssp\Music\Music\Bradley Cooper - Black Eyes.mp3
Breaking Benjamin - Breath LYRICS!;C:\Users\itssp\Music\Music\Breaking Benjamin - Breath LYRICS!.mp3
Breaking Benjamin - I Will Not Bow (Official Video);C:\Users\itssp\Music\Music\Breaking Benjamin - I Will Not Bow (Official Video).mp3
Breaking Benjamin - So Cold;C:\Users\itssp\Music\Music\Breaking Benjamin - So Cold.mp3
Breaking Benjamin - The Diary of Jane (Official Video);C:\Users\itssp\Music\Music\Breaking Benjamin - The Diary of Jane (Official Video).mp3
Britney Spears - Womanizer (Director's Cut) (Official Music Video);C:\Users\itssp\Music\Music\Britney Spears - Womanizer (Director's Cut) (Official Music Video).mp3
Buiiki Kaesu!!;C:\Users\itssp\Music\Music\Buiiki Kaesu!!.flac
Cage The Elephant - Ain't No Rest For The Wicked;C:\Users\itssp\Music\Music\Cage The Elephant - Ain't No Rest For The Wicked.mp3
Chichi no Shi;C:\Users\itssp\Music\Music\Chichi no Shi.flac
Chu Chu Lovely Muni Muni Mura Mura Purin Purin Boron Nurururerorero;C:\Users\itssp\Music\Music\Chu Chu Lovely Muni Muni Mura Mura Purin Purin Boron Nurururerorero.flac
Coda - Death Note;C:\Users\itssp\Music\Music\Coda - Death Note.flac
Coldplay - Yellow;C:\Users\itssp\Music\Music\Coldplay - Yellow.mp3
Creep;C:\Users\itssp\Music\Music\Creep.flac
deadmau5 - Strobe;C:\Users\itssp\Music\Music\deadmau5 - Strobe.mp3
Death Image;C:\Users\itssp\Music\Music\Death Image.flac
Death Note Theme ~Instrumental~;C:\Users\itssp\Music\Music\Death Note Theme ~Instrumental~.flac
Death Note Theme;C:\Users\itssp\Music\Music\Death Note Theme.flac
Death Note;C:\Users\itssp\Music\Music\Death Note.flac
Deorro - Five Hours (Static Video) [LE7ELS];C:\Users\itssp\Music\Music\Deorro - Five Hours (Static Video) [LE7ELS].mp3
Dirge;C:\Users\itssp\Music\Music\Dirge.flac
Domine Kira;C:\Users\itssp\Music\Music\Domine Kira.flac
Dragonborn;C:\Users\itssp\Music\Music\Dragonborn.mp3
Duel Of The Fates;C:\Users\itssp\Music\Music\Duel Of The Fates.mp3
East Hastings;C:\Users\itssp\Music\Music\East Hastings.flac
Eminem - Till I Collaps;C:\Users\itssp\Music\Music\Eminem - Till I Collaps.mp3
Fam  Famine;C:\Users\itssp\Music\Music\Fam  Famine.flac
Fever Ray 'If I Had A Heart';C:\Users\itssp\Music\Music\Fever Ray 'If I Had A Heart'.mp3
Friends;C:\Users\itssp\Music\Music\Friends.flac
From Hell;C:\Users\itssp\Music\Music\From Hell.flac
Fuan;C:\Users\itssp\Music\Music\Fuan.flac
G-Eazy - I Mean It (Official Music Video) ft. Remo;C:\Users\itssp\Music\Music\G-Eazy - I Mean It (Official Music Video) ft. Remo.mp3
Gishin;C:\Users\itssp\Music\Music\Gishin.flac
Go!;C:\Users\itssp\Music\Music\Go!.flac
Godspeed You Black Emperor - Providence;C:\Users\itssp\Music\Music\Godspeed You Black Emperor - Providence.flac
Godspeed You Black Emperor - The Dead Flag Blues;C:\Users\itssp\Music\Music\Godspeed You Black Emperor - The Dead Flag Blues.flac
Gotham's Reckoning;C:\Users\itssp\Music\Music\Gotham's Reckoning.flac
Gregory Isaacs - Night Nurse;C:\Users\itssp\Music\Music\Gregory Isaacs - Night Nurse.mp3
Halsey - Colors (Official Music Video);C:\Users\itssp\Music\Music\Halsey - Colors (Official Music Video).mp3
Halsey - Nightmare;C:\Users\itssp\Music\Music\Halsey - Nightmare.mp3
Higuchi;C:\Users\itssp\Music\Music\Higuchi.flac
Himitsu;C:\Users\itssp\Music\Music\Himitsu.flac
Huey Lewis And The News - Hip To Be Square;C:\Users\itssp\Music\Music\Huey Lewis And The News - Hip To Be Square.flac
I Am Sold;C:\Users\itssp\Music\Music\I Am Sold.flac
Imagine The Fire;C:\Users\itssp\Music\Music\Imagine The Fire.flac
Immanence;C:\Users\itssp\Music\Music\Immanence.flac
In The End;C:\Users\itssp\Music\Music\In The End.mp3
Into The Shadows;C:\Users\itssp\Music\Music\Into The Shadows.flac
Introduction;C:\Users\itssp\Music\Music\Introduction.flac
Jiken;C:\Users\itssp\Music\Music\Jiken.flac
Kanye West - BLKKK SKKKN HEAD (Explicit);C:\Users\itssp\Music\Music\Kanye West - BLKKK SKKKN HEAD (Explicit).mp3
Kanye West - Gold Digger ft. Jamie Foxx;C:\Users\itssp\Music\Music\Kanye West - Gold Digger ft. Jamie Foxx.mp3
Kinchou;C:\Users\itssp\Music\Music\Kinchou.flac
Kinchoukan;C:\Users\itssp\Music\Music\Kinchoukan.flac
Kitai;C:\Users\itssp\Music\Music\Kitai.flac
Kodoku;C:\Users\itssp\Music\Music\Kodoku.flac
Kodou;C:\Users\itssp\Music\Music\Kodou.flac
Koi no Mega Lover;C:\Users\itssp\Music\Music\Koi no Mega Lover.flac
Kuroi Light;C:\Users\itssp\Music\Music\Kuroi Light.flac
Kuso Breakin Nou Breakin Lily;C:\Users\itssp\Music\Music\Kuso Breakin Nou Breakin Lily.flac
Kyoukatsu;C:\Users\itssp\Music\Music\Kyoukatsu.flac
Kyoumei;C:\Users\itssp\Music\Music\Kyoumei.flac
Kyrie for Orchestra;C:\Users\itssp\Music\Music\Kyrie for Orchestra.flac
Kyrie II;C:\Users\itssp\Music\Music\Kyrie II.flac
Kyrie;C:\Users\itssp\Music\Music\Kyrie.flac
L no Kabe;C:\Users\itssp\Music\Music\L no Kabe.flac
L no Kako;C:\Users\itssp\Music\Music\L no Kako.flac
L no Nakama II;C:\Users\itssp\Music\Music\L no Nakama II.flac
L no Nakama;C:\Users\itssp\Music\Music\L no Nakama.flac
L no Shisou;C:\Users\itssp\Music\Music\L no Shisou.flac
L no Theme B;C:\Users\itssp\Music\Music\L no Theme B.flac
L no Theme;C:\Users\itssp\Music\Music\L no Theme.flac
L;C:\Users\itssp\Music\Music\L.flac
La Bouche - Be My Lover;C:\Users\itssp\Music\Music\La Bouche - Be My Lover.mp3
Lady Gaga - I'll Never Love Again;C:\Users\itssp\Music\Music\Lady Gaga - I'll Never Love Again.mp3
Lambs' Breath;C:\Users\itssp\Music\Music\Lambs' Breath.flac
Lana Del Rey - Summertime Sadness;C:\Users\itssp\Music\Music\Lana Del Rey - Summertime Sadness.mp3
Liberi Fatali;C:\Users\itssp\Music\Music\Liberi Fatali.mp3
Life Round Here;C:\Users\itssp\Music\Music\Life Round Here.flac
Light Lights up Light for piano;C:\Users\itssp\Music\Music\Light Lights up Light for piano.flac
Light Lights up Light;C:\Users\itssp\Music\Music\Light Lights up Light.flac
Light no Engi;C:\Users\itssp\Music\Music\Light no Engi.flac
Light no Theme;C:\Users\itssp\Music\Music\Light no Theme.flac
Linkin Park - Given Up[HQ];C:\Users\itssp\Music\Music\Linkin Park - Given Up[HQ].mp3
Lose Yourself;C:\Users\itssp\Music\Music\Lose Yourself.mp3
Louisiana Bob;C:\Users\itssp\Music\Music\Louisiana Bob.flac
Low of Solipsism II;C:\Users\itssp\Music\Music\Low of Solipsism II.flac
Low of Solipsism;C:\Users\itssp\Music\Music\Low of Solipsism.flac
Mac Quayle - 4.Y_2-h1dden-partition.tmp;C:\Users\itssp\Music\Music\Mac Quayle - 4.Y_2-h1dden-partition.tmp.mp3
Macky Gee - Make Me Feel;C:\Users\itssp\Music\Music\Macky Gee - Make Me Feel.mp3
Mark Ronson - Uptown Funk ft. Bruno Mars;C:\Users\itssp\Music\Music\Mark Ronson - Uptown Funk ft. Bruno Mars.mp3
Massive Attack - Paradise Circus (Zeds Dead Remix);C:\Users\itssp\Music\Music\Massive Attack - Paradise Circus (Zeds Dead Remix).mp3
Max Richter - November;C:\Users\itssp\Music\Music\Max Richter - November.mp3
Melanie Martinez - Gingerbread Man;C:\Users\itssp\Music\Music\Melanie Martinez - Gingerbread Man.mp3
Melanie Martinez - Mrs. Potato Head;C:\Users\itssp\Music\Music\Melanie Martinez - Mrs. Potato Head.mp3
Melanie Martinez - Training Wheels;C:\Users\itssp\Music\Music\Melanie Martinez - Training Wheels.mp3
Mello 2;C:\Users\itssp\Music\Music\Mello 2.flac
Mello no Theme;C:\Users\itssp\Music\Music\Mello no Theme.flac
Mello;C:\Users\itssp\Music\Music\Mello.flac
Metallica - Disposable Heroes ;C:\Users\itssp\Music\Music\Metallica - Disposable Heroes .mp3
Michael Jackson - Smooth Criminal;C:\Users\itssp\Music\Music\Michael Jackson - Smooth Criminal.mp3
Mikami Concertino;C:\Users\itssp\Music\Music\Mikami Concertino.flac
Mike Posner - Cooler Than Me;C:\Users\itssp\Music\Music\Mike Posner - Cooler Than Me.mp3
Misa no Kimochi;C:\Users\itssp\Music\Music\Misa no Kimochi.flac
Misa no Kodoku;C:\Users\itssp\Music\Music\Misa no Kodoku.flac
Misa no Theme A;C:\Users\itssp\Music\Music\Misa no Theme A.flac
Misa no Theme B;C:\Users\itssp\Music\Music\Misa no Theme B.flac
Misa no Uta (orchestra version);C:\Users\itssp\Music\Music\Misa no Uta (orchestra version).flac
Misa no Uta (Piano solo);C:\Users\itssp\Music\Music\Misa no Uta (Piano solo).flac
Misa no Uta;C:\Users\itssp\Music\Music\Misa no Uta.flac
Misa no Video;C:\Users\itssp\Music\Music\Misa no Video.flac
Misa;C:\Users\itssp\Music\Music\Misa.flac
Mladic;C:\Users\itssp\Music\Music\Mladic.flac
Modjo - Lady (Hear Me Tonight) (Official Video);C:\Users\itssp\Music\Music\Modjo - Lady (Hear Me Tonight) (Official Video).mp3
Modotta Light;C:\Users\itssp\Music\Music\Modotta Light.flac
Motherfucker=Redeemer (Part 1);C:\Users\itssp\Music\Music\Motherfucker=Redeemer (Part 1).flac
Motherfucker=Redeemer (Part 2);C:\Users\itssp\Music\Music\Motherfucker=Redeemer (Part 2).flac
Moya;C:\Users\itssp\Music\Music\Moya.flac
Mr.Robot Season_1 Episode_9 Soundtrack [YTmp3.net];C:\Users\itssp\Music\Music\Mr.Robot Season_1 Episode_9 Soundtrack [YTmp3.net].mp3
My War;C:\Users\itssp\Music\Music\My War.flac
Near 2;C:\Users\itssp\Music\Music\Near 2.flac
Near no Theme;C:\Users\itssp\Music\Music\Near no Theme.flac
Near;C:\Users\itssp\Music\Music\Near.flac
Never Back Down;C:\Users\itssp\Music\Music\Never Back Down.mp3
Never Be Like You;C:\Users\itssp\Music\Music\Never Be Like You.flac
Never Give Up;C:\Users\itssp\Music\Music\Never Give Up.mp3
Okori;C:\Users\itssp\Music\Music\Okori.flac
Oracle;C:\Users\itssp\Music\Music\Oracle.flac
Overgrown;C:\Users\itssp\Music\Music\Overgrown.flac
Passenger Let Her Go (Official Video);C:\Users\itssp\Music\Music\Passenger Let Her Go (Official Video).mp3
Pat Benatar - Shadows Of The Night;C:\Users\itssp\Music\Music\Pat Benatar - Shadows Of The Night.mp3
Peasantry or ‘Light! Inside of Light!’;C:\Users\itssp\Music\Music\Peasantry or ‘Light! Inside of Light!’.flac
Piss Crowns Are Trebled;C:\Users\itssp\Music\Music\Piss Crowns Are Trebled.flac
Policeman Benz;C:\Users\itssp\Music\Music\Policeman Benz.flac
Portraits;C:\Users\itssp\Music\Music\Portraits.flac
Post Malone - Take What You Want (Audio) ft. Ozzy Osbourne, Travis Scott;C:\Users\itssp\Music\Music\Post Malone - Take What You Want (Audio) ft. Ozzy Osbourne, Travis Scott.mp3
Post Malone, Swae Lee - Sunflower (Spider-Man Into the Spider-Verse);C:\Users\itssp\Music\Music\Post Malone, Swae Lee - Sunflower (Spider-Man Into the Spider-Verse).mp3
Queen - Bohemian Rhapsody (Official Video);C:\Users\itssp\Music\Music\Queen - Bohemian Rhapsody (Official Video).mp3
Queen - Dont Stop Me Now (Official Video);C:\Users\itssp\Music\Music\Queen - Dont Stop Me Now (Official Video).mp3
Ray Price Crazy Arms;C:\Users\itssp\Music\Music\Ray Price Crazy Arms.mp3
Red Hot Chili Peppers - Snow (Hey Oh) (Official Music Video);C:\Users\itssp\Music\Music\Red Hot Chili Peppers - Snow (Hey Oh) (Official Music Video).mp3
Red Moon;C:\Users\itssp\Music\Music\Red Moon.flac
Red Swan;C:\Users\itssp\Music\Music\Red Swan.flac
Rem;C:\Users\itssp\Music\Music\Rem.flac
Requiem;C:\Users\itssp\Music\Music\Requiem.flac
Retrograde;C:\Users\itssp\Music\Music\Retrograde.flac
Rihanna - Only Girl (In The World);C:\Users\itssp\Music\Music\Rihanna - Only Girl (In The World).mp3
Rockets Fall on Rocket Falls;C:\Users\itssp\Music\Music\Rockets Fall on Rocket Falls.flac
ROSÉ - 'EYES CLOSED (Halsey)' COVER;C:\Users\itssp\Music\Music\ROSÉ - 'EYES CLOSED (Halsey)' COVER.mp3
Saiku;C:\Users\itssp\Music\Music\Saiku.flac
Sakura TV;C:\Users\itssp\Music\Music\Sakura TV.flac
Salem;C:\Users\itssp\Music\Music\Salem.flac
Selena Gomez - Fetish;C:\Users\itssp\Music\Music\Selena Gomez - Fetish.mp3
Selena Gomez - Good For You;C:\Users\itssp\Music\Music\Selena Gomez - Good For You.mp3
Semblance of Dualism;C:\Users\itssp\Music\Music\Semblance of Dualism.flac
Senritsu B;C:\Users\itssp\Music\Music\Senritsu B.flac
Senritsu;C:\Users\itssp\Music\Music\Senritsu.flac
Shimi;C:\Users\itssp\Music\Music\Shimi.flac
Shingeki st-hrn-egt20130629 Kyojin;C:\Users\itssp\Music\Music\Shingeki st-hrn-egt20130629 Kyojin.mp3
Shinigamikai B;C:\Users\itssp\Music\Music\Shinigamikai B.flac
Shinigamikai;C:\Users\itssp\Music\Music\Shinigamikai.flac
Shoukei to Shikabane no Michi;C:\Users\itssp\Music\Music\Shoukei to Shikabane no Michi.mp3
Shunjun;C:\Users\itssp\Music\Music\Shunjun.flac
Sleep;C:\Users\itssp\Music\Music\Sleep.flac
Slipknot - Snuff;C:\Users\itssp\Music\Music\Slipknot - Snuff.mp3
Starship - Nothings Gonna Stop Us Now;C:\Users\itssp\Music\Music\Starship - Nothings Gonna Stop Us Now.mp3
Starship - We Built This City;C:\Users\itssp\Music\Music\Starship - We Built This City.mp3
Static;C:\Users\itssp\Music\Music\Static.flac
Storm;C:\Users\itssp\Music\Music\Storm.flac
Suiri;C:\Users\itssp\Music\Music\Suiri.flac
Sum 41 - War;C:\Users\itssp\Music\Music\Sum 41 - War.mp3
Sussudio;C:\Users\itssp\Music\Music\Sussudio.flac
System Of A Down - Chop Suey!;C:\Users\itssp\Music\Music\System Of A Down - Chop Suey!.mp3
Tactics of the Absolute;C:\Users\itssp\Music\Music\Tactics of the Absolute.flac
Taiji;C:\Users\itssp\Music\Music\Taiji.flac
Taikutsu;C:\Users\itssp\Music\Music\Taikutsu.flac
Taylor Swift - Look What You Made Me Do;C:\Users\itssp\Music\Music\Taylor Swift - Look What You Made Me Do.mp3
Teleology of Death;C:\Users\itssp\Music\Music\Teleology of Death.flac
The Chainsmokers & Coldplay - Something Just Like This (No Riddim Remix);C:\Users\itssp\Music\Music\The Chainsmokers & Coldplay - Something Just Like This (No Riddim Remix).mp3
The Fire Rises;C:\Users\itssp\Music\Music\The Fire Rises.flac
The Imperial March;C:\Users\itssp\Music\Music\The Imperial March.flac
The McIntosh County Shouters - Sign of the Judgement;C:\Users\itssp\Music\Music\The McIntosh County Shouters - Sign of the Judgement.mp3
The Poppy Family - Where Evil Grows (featured in Sonic The Hedgehog), with lyrics;C:\Users\itssp\Music\Music\The Poppy Family - Where Evil Grows (featured in Sonic The Hedgehog), with lyrics.mp3
The Suffers - Gwan;C:\Users\itssp\Music\Music\The Suffers - Gwan.flac
The Weeknd - Blinding Lights;C:\Users\itssp\Music\Music\The Weeknd - Blinding Lights.mp3
The Weeknd - False Alarm;C:\Users\itssp\Music\Music\The Weeknd - False Alarm.mp3
The Weeknd - Starboy (official) ft. Daft Punk;C:\Users\itssp\Music\Music\The Weeknd - Starboy (official) ft. Daft Punk.mp3
the WORLD -TV Size-;C:\Users\itssp\Music\Music\the WORLD -TV Size-.flac
TheFatRat - Rise Up;C:\Users\itssp\Music\Music\TheFatRat - Rise Up.mp3
Their Helicopters' Sing;C:\Users\itssp\Music\Music\Their Helicopters' Sing.flac
This Is What you came for;C:\Users\itssp\Music\Music\This Is What you came for.mp3
Tokei no Hari no Oto;C:\Users\itssp\Music\Music\Tokei no Hari no Oto.flac
Tokusou Kira-han;C:\Users\itssp\Music\Music\Tokusou Kira-han.flac
Tokusou;C:\Users\itssp\Music\Music\Tokusou.flac
TOULOUSE — NO RUNNING FROM ME;C:\Users\itssp\Music\Music\TOULOUSE — NO RUNNING FROM ME.mp3
Toward the Climax;C:\Users\itssp\Music\Music\Toward the Climax.flac
Trifling Stuff;C:\Users\itssp\Music\Music\Trifling Stuff.flac
Tsuiseki;C:\Users\itssp\Music\Music\Tsuiseki.flac
Underground Army;C:\Users\itssp\Music\Music\Underground Army.flac
Undoing A Luciferian Towers;C:\Users\itssp\Music\Music\Undoing A Luciferian Towers.flac
Voyeur;C:\Users\itssp\Music\Music\Voyeur.flac
War;C:\Users\itssp\Music\Music\War.flac
Watch The Skies;C:\Users\itssp\Music\Music\Watch The Skies.mp3
We Drift Like Worried Fire;C:\Users\itssp\Music\Music\We Drift Like Worried Fire.flac
What A Wonderful World -LOUIS ARMSTRONG (Best English MusicSongsMovies) All Time Greatest Hits;C:\Users\itssp\Music\Music\What A Wonderful World -LOUIS ARMSTRONG (Best English MusicSongsMovies) All Time Greatest Hits.mp3
What's up, people!;C:\Users\itssp\Music\Music\What's up, people!.flac
What's up, people_! -TV Size-;C:\Users\itssp\Music\Music\What's up, people_! -TV Size-.flac
Without Me;C:\Users\itssp\Music\Music\Without Me.mp3
Yotsuba Group;C:\Users\itssp\Music\Music\Yotsuba Group.flac
Yotsuba Koroshi no Kaigishitsu;C:\Users\itssp\Music\Music\Yotsuba Koroshi no Kaigishitsu.flac
YOUSEEBIGGIRL Pt. 2;C:\Users\itssp\Music\Music\YOUSEEBIGGIRL Pt. 2.flac
Zedd & Kehlani - Good Thing (Official Music Video);C:\Users\itssp\Music\Music\Zedd & Kehlani - Good Thing (Official Music Video).mp3
Zedd, Katy Perry - 365 (Zedd Remix);C:\Users\itssp\Music\Music\Zedd, Katy Perry - 365 (Zedd Remix).mp3
Zetsubou Billy -TV Size-;C:\Users\itssp\Music\Music\Zetsubou Billy -TV Size-.flac
Zetsubou Billy;C:\Users\itssp\Music\Music\Zetsubou Billy.flac
Zombie;C:\Users\itssp\Music\Music\Zombie.flac
ÑΣVΣR GΣ U$ΣD Ø PΣØPLΣ ЦΣЛУЙ МΣНЯ;C:\Users\itssp\Music\Music\ÑΣVΣR GΣ U$ΣD Ø PΣØPLΣ ЦΣЛУЙ МΣНЯ.mp3
